trip_id,origin_area,destination_area,route_1_name,route_1_dist_km,route_1_base_time_min,route_1_hotspot,route_1_clearance_delay_min,route_1_total_time_min,route_2_name,route_2_dist_km,route_2_base_time_min,route_2_hotspot,route_2_clearance_delay_min,route_2_total_time_min,recommended_route,time_saved_min,highlighted_heavy_traffic_area,actionable_recommendation
TRIP-001,Koramangala,Whitefield,via Marathahalli ORR,16.9,49.6,Marathahalli Multiplex,23.7,73.3,via Varthur Road,21,52.1,HAL Airport Road,16.6,68.7,via Varthur Road,4.6,Marathahalli Multiplex (via Marathahalli ORR),Take via Varthur Road (4.6 mins faster). Avoid Marathahalli Multiplex due to clearance backlog.
TRIP-002,Indiranagar,Electronic City,via Hosur Road Flyover,14,42.9,Silk Board Junction,20.7,63.6,via Bannerghatta Road,14.9,37,Madiwala Market,17.9,54.9,via Bannerghatta Road,8.7,Silk Board Junction (via Hosur Road Flyover),Take via Bannerghatta Road (8.7 mins faster). Avoid Silk Board Junction due to clearance backlog.
TRIP-003,Hebbal,MG Road,via Bellary Road,24.6,59.3,Mekhri Circle,13.6,72.9,via JC Nagar Main Rd,29.9,64.1,Cantonment Station,20.2,84.3,via Bellary Road,11.4,Cantonment Station (via JC Nagar Main Rd),Take via Bellary Road (11.4 mins faster). Heavy clearance delay at Cantonment Station.
TRIP-004,HSR Layout,Manyata Tech Park,via Outer Ring Road,18.8,46.8,Tin Factory,11.9,58.7,via Old Airport Rd & Suranjandas Rd,21.4,53.3,Kasturi Nagar,17.6,70.9,via Outer Ring Road,12.2,Kasturi Nagar (via Old Airport Rd & Suranjandas Rd),Take via Outer Ring Road (12.2 mins faster). Heavy clearance delay at Kasturi Nagar.
TRIP-005,Jayanagar,ITPL,via Silk Board & ORR,17,45.3,Silk Board Junction,19.9,65.2,via Domlur & HAL,21.2,57,Domlur Flyover,13.6,70.6,via Silk Board & ORR,5.4,Domlur Flyover (via Domlur & HAL),Take via Silk Board & ORR (5.4 mins faster). Heavy clearance delay at Domlur Flyover.
TRIP-006,Banashankari,Rajajinagar,via West of Chord Rd,17.9,56.2,Kanankapura Signal,15.9,72.1,via Mysore Road & Magadi Rd,18.8,46.1,Town Hall,16.2,62.3,via Mysore Road & Magadi Rd,9.8,Kanankapura Signal (via West of Chord Rd),Take via Mysore Road & Magadi Rd (9.8 mins faster). Avoid Kanankapura Signal due to clearance backlog.
TRIP-007,BTM Layout,Yelahanka,via Hebbal Expressway,13.3,35.1,Hebbal Flyover,27.1,62.2,via Outer Ring Road West,15.8,33.1,Goraguntepalya,15.8,48.9,via Outer Ring Road West,13.3,Hebbal Flyover (via Hebbal Expressway),Take via Outer Ring Road West (13.3 mins faster). Avoid Hebbal Flyover due to clearance backlog.
TRIP-008,Marathahalli,Kengeri,via Mysore Road Expressway,23.8,68.1,Nayandahalli,13.7,81.8,via NICE Road,26.2,58.9,NICE Junction,19.4,78.3,via NICE Road,3.5,Nayandahalli (via Mysore Road Expressway),Take via NICE Road (3.5 mins faster). Avoid Nayandahalli due to clearance backlog.
TRIP-009,Koramangala,Whitefield,via Marathahalli ORR,19.1,60.5,Marathahalli Multiplex,27.6,88.1,via Varthur Road,20.8,54.5,HAL Airport Road,17.3,71.8,via Varthur Road,16.3,Marathahalli Multiplex (via Marathahalli ORR),Take via Varthur Road (16.3 mins faster). Avoid Marathahalli Multiplex due to clearance backlog.
TRIP-010,Indiranagar,Electronic City,via Hosur Road Flyover,24,57.5,Silk Board Junction,4.4,61.9,via Bannerghatta Road,25.6,52.1,Madiwala Market,19.1,71.2,via Hosur Road Flyover,9.3,Madiwala Market (via Bannerghatta Road),Take via Hosur Road Flyover (9.3 mins faster). Heavy clearance delay at Madiwala Market.
TRIP-011,Hebbal,MG Road,via Bellary Road,19,60.1,Mekhri Circle,4.3,64.4,via JC Nagar Main Rd,22.2,55.2,Cantonment Station,11.9,67.1,via Bellary Road,2.7,Cantonment Station (via JC Nagar Main Rd),Take via Bellary Road (2.7 mins faster). Heavy clearance delay at Cantonment Station.
TRIP-012,HSR Layout,Manyata Tech Park,via Outer Ring Road,14.1,37,Tin Factory,20.2,57.2,via Old Airport Rd & Suranjandas Rd,14.8,34.3,Kasturi Nagar,20.9,55.2,via Old Airport Rd & Suranjandas Rd,2,Tin Factory (via Outer Ring Road),Take via Old Airport Rd & Suranjandas Rd (2.0 mins faster). Avoid Tin Factory due to clearance backlog.
TRIP-013,Jayanagar,ITPL,via Silk Board & ORR,22.6,66.2,Silk Board Junction,15.5,81.7,via Domlur & HAL,26.9,70.4,Domlur Flyover,4.3,74.7,via Domlur & HAL,7,Silk Board Junction (via Silk Board & ORR),Take via Domlur & HAL (7.0 mins faster). Avoid Silk Board Junction due to clearance backlog.
TRIP-014,Banashankari,Rajajinagar,via West of Chord Rd,23.9,63.3,Kanankapura Signal,16.1,79.4,via Mysore Road & Magadi Rd,29.2,60.6,Town Hall,28.5,89.1,via West of Chord Rd,9.7,Town Hall (via Mysore Road & Magadi Rd),Take via West of Chord Rd (9.7 mins faster). Heavy clearance delay at Town Hall.
TRIP-015,BTM Layout,Yelahanka,via Hebbal Expressway,21.5,66.4,Hebbal Flyover,25.2,91.6,via Outer Ring Road West,25.3,60.2,Goraguntepalya,20.7,80.9,via Outer Ring Road West,10.7,Hebbal Flyover (via Hebbal Expressway),Take via Outer Ring Road West (10.7 mins faster). Avoid Hebbal Flyover due to clearance backlog.
TRIP-016,Marathahalli,Kengeri,via Mysore Road Expressway,21.9,65.1,Nayandahalli,20.7,85.8,via NICE Road,25.5,61.1,NICE Junction,11.9,73,via NICE Road,12.8,Nayandahalli (via Mysore Road Expressway),Take via NICE Road (12.8 mins faster). Avoid Nayandahalli due to clearance backlog.
TRIP-017,Koramangala,Whitefield,via Marathahalli ORR,13.4,32.2,Marathahalli Multiplex,18,50.2,via Varthur Road,15.2,41.3,HAL Airport Road,17,58.3,via Marathahalli ORR,8.1,HAL Airport Road (via Varthur Road),Take via Marathahalli ORR (8.1 mins faster). Heavy clearance delay at HAL Airport Road.
TRIP-018,Indiranagar,Electronic City,via Hosur Road Flyover,21,58.9,Silk Board Junction,13,71.9,via Bannerghatta Road,22.6,55,Madiwala Market,5.7,60.7,via Bannerghatta Road,11.2,Silk Board Junction (via Hosur Road Flyover),Take via Bannerghatta Road (11.2 mins faster). Avoid Silk Board Junction due to clearance backlog.
TRIP-019,Hebbal,MG Road,via Bellary Road,24.3,70.3,Mekhri Circle,17.6,87.9,via JC Nagar Main Rd,28.4,76.8,Cantonment Station,16.1,92.9,via Bellary Road,5,Cantonment Station (via JC Nagar Main Rd),Take via Bellary Road (5.0 mins faster). Heavy clearance delay at Cantonment Station.
TRIP-020,HSR Layout,Manyata Tech Park,via Outer Ring Road,20.2,60.7,Tin Factory,14.3,75,via Old Airport Rd & Suranjandas Rd,24.7,53.1,Kasturi Nagar,12.2,65.3,via Old Airport Rd & Suranjandas Rd,9.7,Tin Factory (via Outer Ring Road),Take via Old Airport Rd & Suranjandas Rd (9.7 mins faster). Avoid Tin Factory due to clearance backlog.
TRIP-021,Jayanagar,ITPL,via Silk Board & ORR,16.2,41.4,Silk Board Junction,19.6,61,via Domlur & HAL,17.4,47.4,Domlur Flyover,10.5,57.9,via Domlur & HAL,3.1,Silk Board Junction (via Silk Board & ORR),Take via Domlur & HAL (3.1 mins faster). Avoid Silk Board Junction due to clearance backlog.
TRIP-022,Banashankari,Rajajinagar,via West of Chord Rd,20.4,52.1,Kanankapura Signal,20.7,72.8,via Mysore Road & Magadi Rd,21.4,48,Town Hall,16.1,64.1,via Mysore Road & Magadi Rd,8.7,Kanankapura Signal (via West of Chord Rd),Take via Mysore Road & Magadi Rd (8.7 mins faster). Avoid Kanankapura Signal due to clearance backlog.
TRIP-023,BTM Layout,Yelahanka,via Hebbal Expressway,14.9,37.8,Hebbal Flyover,11.1,48.9,via Outer Ring Road West,16,44.1,Goraguntepalya,17,61.1,via Hebbal Expressway,12.2,Goraguntepalya (via Outer Ring Road West),Take via Hebbal Expressway (12.2 mins faster). Heavy clearance delay at Goraguntepalya.
TRIP-024,Marathahalli,Kengeri,via Mysore Road Expressway,19.3,43.7,Nayandahalli,21,64.7,via NICE Road,21.8,48,NICE Junction,14.3,62.3,via NICE Road,2.4,Nayandahalli (via Mysore Road Expressway),Take via NICE Road (2.4 mins faster). Avoid Nayandahalli due to clearance backlog.
TRIP-025,Koramangala,Whitefield,via Marathahalli ORR,18.5,46,Marathahalli Multiplex,20.2,66.2,via Varthur Road,20.5,41.6,HAL Airport Road,20.1,61.7,via Varthur Road,4.5,Marathahalli Multiplex (via Marathahalli ORR),Take via Varthur Road (4.5 mins faster). Avoid Marathahalli Multiplex due to clearance backlog.
TRIP-026,Indiranagar,Electronic City,via Hosur Road Flyover,18.5,45.9,Silk Board Junction,15.1,61,via Bannerghatta Road,19.6,53.4,Madiwala Market,11.9,65.3,via Hosur Road Flyover,4.3,Madiwala Market (via Bannerghatta Road),Take via Hosur Road Flyover (4.3 mins faster). Heavy clearance delay at Madiwala Market.
TRIP-027,Hebbal,MG Road,via Bellary Road,13.9,44.3,Mekhri Circle,11.3,55.6,via JC Nagar Main Rd,16,35.1,Cantonment Station,18.3,53.4,via JC Nagar Main Rd,2.2,Mekhri Circle (via Bellary Road),Take via JC Nagar Main Rd (2.2 mins faster). Avoid Mekhri Circle due to clearance backlog.
TRIP-028,HSR Layout,Manyata Tech Park,via Outer Ring Road,15.1,40.3,Tin Factory,20.9,61.2,via Old Airport Rd & Suranjandas Rd,18.3,51,Kasturi Nagar,21.1,72.1,via Outer Ring Road,10.9,Kasturi Nagar (via Old Airport Rd & Suranjandas Rd),Take via Outer Ring Road (10.9 mins faster). Heavy clearance delay at Kasturi Nagar.
TRIP-029,Jayanagar,ITPL,via Silk Board & ORR,22.9,54.7,Silk Board Junction,15.3,70,via Domlur & HAL,25.5,51.8,Domlur Flyover,15.1,66.9,via Domlur & HAL,3.1,Silk Board Junction (via Silk Board & ORR),Take via Domlur & HAL (3.1 mins faster). Avoid Silk Board Junction due to clearance backlog.
TRIP-030,Banashankari,Rajajinagar,via West of Chord Rd,21.2,54,Kanankapura Signal,13.9,67.9,via Mysore Road & Magadi Rd,25.7,53.4,Town Hall,14.3,67.7,via Mysore Road & Magadi Rd,0.2,Kanankapura Signal (via West of Chord Rd),Take via Mysore Road & Magadi Rd (0.2 mins faster). Avoid Kanankapura Signal due to clearance backlog.
TRIP-031,BTM Layout,Yelahanka,via Hebbal Expressway,24.2,61.5,Hebbal Flyover,19.7,81.2,via Outer Ring Road West,26.1,54.6,Goraguntepalya,20.5,75.1,via Outer Ring Road West,6.1,Hebbal Flyover (via Hebbal Expressway),Take via Outer Ring Road West (6.1 mins faster). Avoid Hebbal Flyover due to clearance backlog.
TRIP-032,Marathahalli,Kengeri,via Mysore Road Expressway,15,47.7,Nayandahalli,20.2,67.9,via NICE Road,16.3,39.3,NICE Junction,20.1,59.4,via NICE Road,8.5,Nayandahalli (via Mysore Road Expressway),Take via NICE Road (8.5 mins faster). Avoid Nayandahalli due to clearance backlog.
TRIP-033,Koramangala,Whitefield,via Marathahalli ORR,25,69,Marathahalli Multiplex,15.9,84.9,via Varthur Road,31.1,84.2,HAL Airport Road,20.5,104.7,via Marathahalli ORR,19.8,HAL Airport Road (via Varthur Road),Take via Marathahalli ORR (19.8 mins faster). Heavy clearance delay at HAL Airport Road.
TRIP-034,Indiranagar,Electronic City,via Hosur Road Flyover,21.1,64.5,Silk Board Junction,18,82.5,via Bannerghatta Road,25.7,59.7,Madiwala Market,12.2,71.9,via Bannerghatta Road,10.6,Silk Board Junction (via Hosur Road Flyover),Take via Bannerghatta Road (10.6 mins faster). Avoid Silk Board Junction due to clearance backlog.
TRIP-035,Hebbal,MG Road,via Bellary Road,24.2,69.4,Mekhri Circle,17.8,87.2,via JC Nagar Main Rd,29.2,72,Cantonment Station,20.5,92.5,via Bellary Road,5.3,Cantonment Station (via JC Nagar Main Rd),Take via Bellary Road (5.3 mins faster). Heavy clearance delay at Cantonment Station.
TRIP-036,HSR Layout,Manyata Tech Park,via Outer Ring Road,24.7,61.9,Tin Factory,11.3,73.2,via Old Airport Rd & Suranjandas Rd,27.3,65.2,Kasturi Nagar,28,93.2,via Outer Ring Road,20,Kasturi Nagar (via Old Airport Rd & Suranjandas Rd),Take via Outer Ring Road (20.0 mins faster). Heavy clearance delay at Kasturi Nagar.
TRIP-037,Jayanagar,ITPL,via Silk Board & ORR,18.4,47.2,Silk Board Junction,16.7,63.9,via Domlur & HAL,20,51.9,Domlur Flyover,13.9,65.8,via Silk Board & ORR,1.9,Domlur Flyover (via Domlur & HAL),Take via Silk Board & ORR (1.9 mins faster). Heavy clearance delay at Domlur Flyover.
TRIP-038,Banashankari,Rajajinagar,via West of Chord Rd,19.4,49.8,Kanankapura Signal,18.3,68.1,via Mysore Road & Magadi Rd,20.7,45.8,Town Hall,20.4,66.2,via Mysore Road & Magadi Rd,1.9,Kanankapura Signal (via West of Chord Rd),Take via Mysore Road & Magadi Rd (1.9 mins faster). Avoid Kanankapura Signal due to clearance backlog.
TRIP-039,BTM Layout,Yelahanka,via Hebbal Expressway,18.3,48.2,Hebbal Flyover,23.7,71.9,via Outer Ring Road West,22.5,51.3,Goraguntepalya,23.7,75,via Hebbal Expressway,3.1,Goraguntepalya (via Outer Ring Road West),Take via Hebbal Expressway (3.1 mins faster). Heavy clearance delay at Goraguntepalya.
TRIP-040,Marathahalli,Kengeri,via Mysore Road Expressway,20.7,50.3,Nayandahalli,22.9,73.2,via NICE Road,25.3,60.7,NICE Junction,15.8,76.5,via Mysore Road Expressway,3.3,NICE Junction (via NICE Road),Take via Mysore Road Expressway (3.3 mins faster). Heavy clearance delay at NICE Junction.
TRIP-041,Koramangala,Whitefield,via Marathahalli ORR,22,70.3,Marathahalli Multiplex,20.5,90.8,via Varthur Road,23.3,55.4,HAL Airport Road,15.7,71.1,via Varthur Road,19.7,Marathahalli Multiplex (via Marathahalli ORR),Take via Varthur Road (19.7 mins faster). Avoid Marathahalli Multiplex due to clearance backlog.
TRIP-042,Indiranagar,Electronic City,via Hosur Road Flyover,23.5,74.1,Silk Board Junction,20.5,94.6,via Bannerghatta Road,28.2,63.9,Madiwala Market,17.3,81.2,via Bannerghatta Road,13.4,Silk Board Junction (via Hosur Road Flyover),Take via Bannerghatta Road (13.4 mins faster). Avoid Silk Board Junction due to clearance backlog.
TRIP-043,Hebbal,MG Road,via Bellary Road,24.5,61.1,Mekhri Circle,16.4,77.5,via JC Nagar Main Rd,29.9,69,Cantonment Station,13.9,82.9,via Bellary Road,5.4,Cantonment Station (via JC Nagar Main Rd),Take via Bellary Road (5.4 mins faster). Heavy clearance delay at Cantonment Station.
TRIP-044,HSR Layout,Manyata Tech Park,via Outer Ring Road,16.8,51.1,Tin Factory,11.1,62.2,via Old Airport Rd & Suranjandas Rd,19,52.1,Kasturi Nagar,16.2,68.3,via Outer Ring Road,6.1,Kasturi Nagar (via Old Airport Rd & Suranjandas Rd),Take via Outer Ring Road (6.1 mins faster). Heavy clearance delay at Kasturi Nagar.
TRIP-045,Jayanagar,ITPL,via Silk Board & ORR,20,46.8,Silk Board Junction,16.9,63.7,via Domlur & HAL,25,60.4,Domlur Flyover,19.1,79.5,via Silk Board & ORR,15.8,Domlur Flyover (via Domlur & HAL),Take via Silk Board & ORR (15.8 mins faster). Heavy clearance delay at Domlur Flyover.
TRIP-046,Banashankari,Rajajinagar,via West of Chord Rd,23,66.9,Kanankapura Signal,4.2,71.1,via Mysore Road & Magadi Rd,24.8,60.6,Town Hall,20.5,81.1,via West of Chord Rd,10,Town Hall (via Mysore Road & Magadi Rd),Take via West of Chord Rd (10.0 mins faster). Heavy clearance delay at Town Hall.
TRIP-047,BTM Layout,Yelahanka,via Hebbal Expressway,15.3,34.9,Hebbal Flyover,5.7,40.6,via Outer Ring Road West,17.9,35.9,Goraguntepalya,5.6,41.5,via Hebbal Expressway,0.9,Goraguntepalya (via Outer Ring Road West),Take via Hebbal Expressway (0.9 mins faster). Heavy clearance delay at Goraguntepalya.
TRIP-048,Marathahalli,Kengeri,via Mysore Road Expressway,20.4,61.1,Nayandahalli,15.9,77,via NICE Road,24.3,65.9,NICE Junction,21.8,87.7,via Mysore Road Expressway,10.7,NICE Junction (via NICE Road),Take via Mysore Road Expressway (10.7 mins faster). Heavy clearance delay at NICE Junction.
TRIP-049,Koramangala,Whitefield,via Marathahalli ORR,19.5,56,Marathahalli Multiplex,20.9,76.9,via Varthur Road,22.2,50.2,HAL Airport Road,17.3,67.5,via Varthur Road,9.4,Marathahalli Multiplex (via Marathahalli ORR),Take via Varthur Road (9.4 mins faster). Avoid Marathahalli Multiplex due to clearance backlog.
TRIP-050,Indiranagar,Electronic City,via Hosur Road Flyover,22.9,56.1,Silk Board Junction,11.9,68,via Bannerghatta Road,28,56.9,Madiwala Market,19.4,76.3,via Hosur Road Flyover,8.3,Madiwala Market (via Bannerghatta Road),Take via Hosur Road Flyover (8.3 mins faster). Heavy clearance delay at Madiwala Market.
TRIP-051,Hebbal,MG Road,via Bellary Road,19,57.5,Mekhri Circle,18.6,76.1,via JC Nagar Main Rd,21.2,47,Cantonment Station,15.5,62.5,via JC Nagar Main Rd,13.6,Mekhri Circle (via Bellary Road),Take via JC Nagar Main Rd (13.6 mins faster). Avoid Mekhri Circle due to clearance backlog.
TRIP-052,HSR Layout,Manyata Tech Park,via Outer Ring Road,17.9,42.9,Tin Factory,20.5,63.4,via Old Airport Rd & Suranjandas Rd,21.8,50.8,Kasturi Nagar,16,66.8,via Outer Ring Road,3.4,Kasturi Nagar (via Old Airport Rd & Suranjandas Rd),Take via Outer Ring Road (3.4 mins faster). Heavy clearance delay at Kasturi Nagar.
TRIP-053,Jayanagar,ITPL,via Silk Board & ORR,13.8,43.7,Silk Board Junction,15.1,58.8,via Domlur & HAL,14.9,38.3,Domlur Flyover,16.7,55,via Domlur & HAL,3.8,Silk Board Junction (via Silk Board & ORR),Take via Domlur & HAL (3.8 mins faster). Avoid Silk Board Junction due to clearance backlog.
TRIP-054,Banashankari,Rajajinagar,via West of Chord Rd,17.2,50.6,Kanankapura Signal,15.7,66.3,via Mysore Road & Magadi Rd,19.6,43.1,Town Hall,16.1,59.2,via Mysore Road & Magadi Rd,7.1,Kanankapura Signal (via West of Chord Rd),Take via Mysore Road & Magadi Rd (7.1 mins faster). Avoid Kanankapura Signal due to clearance backlog.
TRIP-055,BTM Layout,Yelahanka,via Hebbal Expressway,22.9,59.7,Hebbal Flyover,22.1,81.8,via Outer Ring Road West,27.2,58.2,Goraguntepalya,7.4,65.6,via Outer Ring Road West,16.2,Hebbal Flyover (via Hebbal Expressway),Take via Outer Ring Road West (16.2 mins faster). Avoid Hebbal Flyover due to clearance backlog.
TRIP-056,Marathahalli,Kengeri,via Mysore Road Expressway,15.1,36,Nayandahalli,19.6,55.6,via NICE Road,16.1,44.2,NICE Junction,2.4,46.6,via NICE Road,9,Nayandahalli (via Mysore Road Expressway),Take via NICE Road (9.0 mins faster). Avoid Nayandahalli due to clearance backlog.
TRIP-057,Koramangala,Whitefield,via Marathahalli ORR,18.7,49.3,Marathahalli Multiplex,18.2,67.5,via Varthur Road,22.1,57.1,HAL Airport Road,21.1,78.2,via Marathahalli ORR,10.7,HAL Airport Road (via Varthur Road),Take via Marathahalli ORR (10.7 mins faster). Heavy clearance delay at HAL Airport Road.
TRIP-058,Indiranagar,Electronic City,via Hosur Road Flyover,14.1,35.8,Silk Board Junction,24,59.8,via Bannerghatta Road,15.1,31.3,Madiwala Market,15.2,46.5,via Bannerghatta Road,13.3,Silk Board Junction (via Hosur Road Flyover),Take via Bannerghatta Road (13.3 mins faster). Avoid Silk Board Junction due to clearance backlog.
TRIP-059,Hebbal,MG Road,via Bellary Road,23.1,61.8,Mekhri Circle,22.6,84.4,via JC Nagar Main Rd,27.5,57.2,Cantonment Station,14.3,71.5,via JC Nagar Main Rd,12.9,Mekhri Circle (via Bellary Road),Take via JC Nagar Main Rd (12.9 mins faster). Avoid Mekhri Circle due to clearance backlog.
TRIP-060,HSR Layout,Manyata Tech Park,via Outer Ring Road,16.5,47,Tin Factory,17.5,64.5,via Old Airport Rd & Suranjandas Rd,18.9,38.5,Kasturi Nagar,17.2,55.7,via Old Airport Rd & Suranjandas Rd,8.8,Tin Factory (via Outer Ring Road),Take via Old Airport Rd & Suranjandas Rd (8.8 mins faster). Avoid Tin Factory due to clearance backlog.
TRIP-061,Jayanagar,ITPL,via Silk Board & ORR,12.6,35.6,Silk Board Junction,22.1,57.7,via Domlur & HAL,14.2,34.1,Domlur Flyover,17.5,51.6,via Domlur & HAL,6.1,Silk Board Junction (via Silk Board & ORR),Take via Domlur & HAL (6.1 mins faster). Avoid Silk Board Junction due to clearance backlog.
TRIP-062,Banashankari,Rajajinagar,via West of Chord Rd,20.9,65.7,Kanankapura Signal,13.9,79.6,via Mysore Road & Magadi Rd,24.5,67.5,Town Hall,14.5,82,via West of Chord Rd,2.4,Town Hall (via Mysore Road & Magadi Rd),Take via West of Chord Rd (2.4 mins faster). Heavy clearance delay at Town Hall.
TRIP-063,BTM Layout,Yelahanka,via Hebbal Expressway,19.5,55.4,Hebbal Flyover,25.2,80.6,via Outer Ring Road West,22,52.1,Goraguntepalya,21,73.1,via Outer Ring Road West,7.5,Hebbal Flyover (via Hebbal Expressway),Take via Outer Ring Road West (7.5 mins faster). Avoid Hebbal Flyover due to clearance backlog.
TRIP-064,Marathahalli,Kengeri,via Mysore Road Expressway,17,52.8,Nayandahalli,10.1,62.9,via NICE Road,21.1,45.5,NICE Junction,21,66.5,via Mysore Road Expressway,3.6,NICE Junction (via NICE Road),Take via Mysore Road Expressway (3.6 mins faster). Heavy clearance delay at NICE Junction.
TRIP-065,Koramangala,Whitefield,via Marathahalli ORR,13.3,30.5,Marathahalli Multiplex,15.8,46.3,via Varthur Road,14,35.6,HAL Airport Road,16.2,51.8,via Marathahalli ORR,5.5,HAL Airport Road (via Varthur Road),Take via Marathahalli ORR (5.5 mins faster). Heavy clearance delay at HAL Airport Road.
TRIP-066,Indiranagar,Electronic City,via Hosur Road Flyover,16.1,35.8,Silk Board Junction,19.7,55.5,via Bannerghatta Road,19.6,52,Madiwala Market,19.9,71.9,via Hosur Road Flyover,16.4,Madiwala Market (via Bannerghatta Road),Take via Hosur Road Flyover (16.4 mins faster). Heavy clearance delay at Madiwala Market.
TRIP-067,Hebbal,MG Road,via Bellary Road,13.5,38.2,Mekhri Circle,13.6,51.8,via JC Nagar Main Rd,16.1,43.5,Cantonment Station,18,61.5,via Bellary Road,9.7,Cantonment Station (via JC Nagar Main Rd),Take via Bellary Road (9.7 mins faster). Heavy clearance delay at Cantonment Station.
TRIP-068,HSR Layout,Manyata Tech Park,via Outer Ring Road,17.5,48.6,Tin Factory,5.7,54.3,via Old Airport Rd & Suranjandas Rd,20.4,52.7,Kasturi Nagar,17,69.7,via Outer Ring Road,15.4,Kasturi Nagar (via Old Airport Rd & Suranjandas Rd),Take via Outer Ring Road (15.4 mins faster). Heavy clearance delay at Kasturi Nagar.
TRIP-069,Jayanagar,ITPL,via Silk Board & ORR,16.4,50.2,Silk Board Junction,22.3,72.5,via Domlur & HAL,20.3,47.6,Domlur Flyover,19.6,67.2,via Domlur & HAL,5.3,Silk Board Junction (via Silk Board & ORR),Take via Domlur & HAL (5.3 mins faster). Avoid Silk Board Junction due to clearance backlog.
TRIP-070,Banashankari,Rajajinagar,via West of Chord Rd,21.8,67.6,Kanankapura Signal,17.8,85.4,via Mysore Road & Magadi Rd,23.3,56,Town Hall,18.3,74.3,via Mysore Road & Magadi Rd,11.1,Kanankapura Signal (via West of Chord Rd),Take via Mysore Road & Magadi Rd (11.1 mins faster). Avoid Kanankapura Signal due to clearance backlog.
TRIP-071,BTM Layout,Yelahanka,via Hebbal Expressway,15.9,35.8,Hebbal Flyover,15.1,50.9,via Outer Ring Road West,17,47,Goraguntepalya,18.2,65.2,via Hebbal Expressway,14.3,Goraguntepalya (via Outer Ring Road West),Take via Hebbal Expressway (14.3 mins faster). Heavy clearance delay at Goraguntepalya.
TRIP-072,Marathahalli,Kengeri,via Mysore Road Expressway,16.6,47.8,Nayandahalli,20.4,68.2,via NICE Road,20.6,49.2,NICE Junction,21.1,70.3,via Mysore Road Expressway,2.1,NICE Junction (via NICE Road),Take via Mysore Road Expressway (2.1 mins faster). Heavy clearance delay at NICE Junction.
TRIP-073,Koramangala,Whitefield,via Marathahalli ORR,17.8,45,Marathahalli Multiplex,17.9,62.9,via Varthur Road,19.7,50,HAL Airport Road,21.1,71.1,via Marathahalli ORR,8.2,HAL Airport Road (via Varthur Road),Take via Marathahalli ORR (8.2 mins faster). Heavy clearance delay at HAL Airport Road.
TRIP-074,Indiranagar,Electronic City,via Hosur Road Flyover,22.3,60.1,Silk Board Junction,16.6,76.7,via Bannerghatta Road,23.8,48.7,Madiwala Market,11.1,59.8,via Bannerghatta Road,16.9,Silk Board Junction (via Hosur Road Flyover),Take via Bannerghatta Road (16.9 mins faster). Avoid Silk Board Junction due to clearance backlog.
TRIP-075,Hebbal,MG Road,via Bellary Road,21.6,62.8,Mekhri Circle,15.9,78.7,via JC Nagar Main Rd,25,69.4,Cantonment Station,20.6,90,via Bellary Road,11.3,Cantonment Station (via JC Nagar Main Rd),Take via Bellary Road (11.3 mins faster). Heavy clearance delay at Cantonment Station.
TRIP-076,HSR Layout,Manyata Tech Park,via Outer Ring Road,22.9,69.6,Tin Factory,20.7,90.3,via Old Airport Rd & Suranjandas Rd,28,65.5,Kasturi Nagar,11.2,76.7,via Old Airport Rd & Suranjandas Rd,13.6,Tin Factory (via Outer Ring Road),Take via Old Airport Rd & Suranjandas Rd (13.6 mins faster). Avoid Tin Factory due to clearance backlog.
TRIP-077,Jayanagar,ITPL,via Silk Board & ORR,21.2,48.4,Silk Board Junction,20.4,68.8,via Domlur & HAL,22.6,63,Domlur Flyover,16.2,79.2,via Silk Board & ORR,10.4,Domlur Flyover (via Domlur & HAL),Take via Silk Board & ORR (10.4 mins faster). Heavy clearance delay at Domlur Flyover.
TRIP-078,Banashankari,Rajajinagar,via West of Chord Rd,23.4,72.7,Kanankapura Signal,5.7,78.4,via Mysore Road & Magadi Rd,25.7,63.6,Town Hall,18.1,81.7,via West of Chord Rd,3.3,Town Hall (via Mysore Road & Magadi Rd),Take via West of Chord Rd (3.3 mins faster). Heavy clearance delay at Town Hall.
TRIP-079,BTM Layout,Yelahanka,via Hebbal Expressway,21.2,54.7,Hebbal Flyover,16.2,70.9,via Outer Ring Road West,24.3,62.3,Goraguntepalya,27.9,90.2,via Hebbal Expressway,19.3,Goraguntepalya (via Outer Ring Road West),Take via Hebbal Expressway (19.3 mins faster). Heavy clearance delay at Goraguntepalya.
TRIP-080,Marathahalli,Kengeri,via Mysore Road Expressway,13.4,29.6,Nayandahalli,20.2,49.8,via NICE Road,15.4,36.6,NICE Junction,15.3,51.9,via Mysore Road Expressway,2.1,NICE Junction (via NICE Road),Take via Mysore Road Expressway (2.1 mins faster). Heavy clearance delay at NICE Junction.
TRIP-081,Koramangala,Whitefield,via Marathahalli ORR,13.5,38.5,Marathahalli Multiplex,21.8,60.3,via Varthur Road,14.5,37.7,HAL Airport Road,20.2,57.9,via Varthur Road,2.4,Marathahalli Multiplex (via Marathahalli ORR),Take via Varthur Road (2.4 mins faster). Avoid Marathahalli Multiplex due to clearance backlog.
TRIP-082,Indiranagar,Electronic City,via Hosur Road Flyover,13.1,34.5,Silk Board Junction,20,54.5,via Bannerghatta Road,15.1,39.9,Madiwala Market,24,63.9,via Hosur Road Flyover,9.4,Madiwala Market (via Bannerghatta Road),Take via Hosur Road Flyover (9.4 mins faster). Heavy clearance delay at Madiwala Market.
TRIP-083,Hebbal,MG Road,via Bellary Road,23.6,75.4,Mekhri Circle,15.1,90.5,via JC Nagar Main Rd,27.3,56.2,Cantonment Station,5.6,61.8,via JC Nagar Main Rd,28.7,Mekhri Circle (via Bellary Road),Take via JC Nagar Main Rd (28.7 mins faster). Avoid Mekhri Circle due to clearance backlog.
TRIP-084,HSR Layout,Manyata Tech Park,via Outer Ring Road,13,31.4,Tin Factory,22.1,53.5,via Old Airport Rd & Suranjandas Rd,14.1,31.5,Kasturi Nagar,15.7,47.2,via Old Airport Rd & Suranjandas Rd,6.3,Tin Factory (via Outer Ring Road),Take via Old Airport Rd & Suranjandas Rd (6.3 mins faster). Avoid Tin Factory due to clearance backlog.
TRIP-085,Jayanagar,ITPL,via Silk Board & ORR,21.1,62,Silk Board Junction,20.6,82.6,via Domlur & HAL,23.8,65,Domlur Flyover,2.4,67.4,via Domlur & HAL,15.2,Silk Board Junction (via Silk Board & ORR),Take via Domlur & HAL (15.2 mins faster). Avoid Silk Board Junction due to clearance backlog.
TRIP-086,Banashankari,Rajajinagar,via West of Chord Rd,23.6,66.6,Kanankapura Signal,21.8,88.4,via Mysore Road & Magadi Rd,26.9,59.8,Town Hall,16.2,76,via Mysore Road & Magadi Rd,12.4,Kanankapura Signal (via West of Chord Rd),Take via Mysore Road & Magadi Rd (12.4 mins faster). Avoid Kanankapura Signal due to clearance backlog.
TRIP-087,BTM Layout,Yelahanka,via Hebbal Expressway,17,41.9,Hebbal Flyover,16.7,58.6,via Outer Ring Road West,18.6,42.6,Goraguntepalya,10.1,52.7,via Outer Ring Road West,5.9,Hebbal Flyover (via Hebbal Expressway),Take via Outer Ring Road West (5.9 mins faster). Avoid Hebbal Flyover due to clearance backlog.
TRIP-088,Marathahalli,Kengeri,via Mysore Road Expressway,23.8,75,Nayandahalli,24,99,via NICE Road,28.9,74.6,NICE Junction,19.2,93.8,via NICE Road,5.2,Nayandahalli (via Mysore Road Expressway),Take via NICE Road (5.2 mins faster). Avoid Nayandahalli due to clearance backlog.
TRIP-089,Koramangala,Whitefield,via Marathahalli ORR,24.1,54.1,Marathahalli Multiplex,28,82.1,via Varthur Road,29.5,59.6,HAL Airport Road,11.1,70.7,via Varthur Road,11.4,Marathahalli Multiplex (via Marathahalli ORR),Take via Varthur Road (11.4 mins faster). Avoid Marathahalli Multiplex due to clearance backlog.
TRIP-090,Indiranagar,Electronic City,via Hosur Road Flyover,22.5,52.9,Silk Board Junction,20.9,73.8,via Bannerghatta Road,28.1,69.6,Madiwala Market,18.3,87.9,via Hosur Road Flyover,14.1,Madiwala Market (via Bannerghatta Road),Take via Hosur Road Flyover (14.1 mins faster). Heavy clearance delay at Madiwala Market.
TRIP-091,Hebbal,MG Road,via Bellary Road,22.8,51.6,Mekhri Circle,19.6,71.2,via JC Nagar Main Rd,26.5,53.8,Cantonment Station,16,69.8,via JC Nagar Main Rd,1.4,Mekhri Circle (via Bellary Road),Take via JC Nagar Main Rd (1.4 mins faster). Avoid Mekhri Circle due to clearance backlog.
TRIP-092,HSR Layout,Manyata Tech Park,via Outer Ring Road,23.2,74.2,Tin Factory,19.6,93.8,via Old Airport Rd & Suranjandas Rd,28.1,78.6,Kasturi Nagar,17.9,96.5,via Outer Ring Road,2.7,Kasturi Nagar (via Old Airport Rd & Suranjandas Rd),Take via Outer Ring Road (2.7 mins faster). Heavy clearance delay at Kasturi Nagar.
TRIP-093,Jayanagar,ITPL,via Silk Board & ORR,24.3,59.5,Silk Board Junction,11.9,71.4,via Domlur & HAL,29.6,69.9,Domlur Flyover,22.1,92,via Silk Board & ORR,20.6,Domlur Flyover (via Domlur & HAL),Take via Silk Board & ORR (20.6 mins faster). Heavy clearance delay at Domlur Flyover.
TRIP-094,Banashankari,Rajajinagar,via West of Chord Rd,24.4,59.3,Kanankapura Signal,12.8,72.1,via Mysore Road & Magadi Rd,28.6,72.6,Town Hall,7.4,80,via West of Chord Rd,7.9,Town Hall (via Mysore Road & Magadi Rd),Take via West of Chord Rd (7.9 mins faster). Heavy clearance delay at Town Hall.
TRIP-095,BTM Layout,Yelahanka,via Hebbal Expressway,16.7,48,Hebbal Flyover,11.1,59.1,via Outer Ring Road West,17.9,43.3,Goraguntepalya,5.3,48.6,via Outer Ring Road West,10.5,Hebbal Flyover (via Hebbal Expressway),Take via Outer Ring Road West (10.5 mins faster). Avoid Hebbal Flyover due to clearance backlog.
TRIP-096,Marathahalli,Kengeri,via Mysore Road Expressway,18.8,51.7,Nayandahalli,15.5,67.2,via NICE Road,22.9,56.1,NICE Junction,16.7,72.8,via Mysore Road Expressway,5.6,NICE Junction (via NICE Road),Take via Mysore Road Expressway (5.6 mins faster). Heavy clearance delay at NICE Junction.
TRIP-097,Koramangala,Whitefield,via Marathahalli ORR,13.7,40.5,Marathahalli Multiplex,12.8,53.3,via Varthur Road,14.5,36.2,HAL Airport Road,12.2,48.4,via Varthur Road,4.9,Marathahalli Multiplex (via Marathahalli ORR),Take via Varthur Road (4.9 mins faster). Avoid Marathahalli Multiplex due to clearance backlog.
TRIP-098,Indiranagar,Electronic City,via Hosur Road Flyover,14.8,32.8,Silk Board Junction,19.5,52.3,via Bannerghatta Road,15.9,36.3,Madiwala Market,19.1,55.4,via Hosur Road Flyover,3.1,Madiwala Market (via Bannerghatta Road),Take via Hosur Road Flyover (3.1 mins faster). Heavy clearance delay at Madiwala Market.
TRIP-099,Hebbal,MG Road,via Bellary Road,17.1,53.1,Mekhri Circle,19.8,72.9,via JC Nagar Main Rd,19.5,44.4,Cantonment Station,14.3,58.7,via JC Nagar Main Rd,14.2,Mekhri Circle (via Bellary Road),Take via JC Nagar Main Rd (14.2 mins faster). Avoid Mekhri Circle due to clearance backlog.
TRIP-100,HSR Layout,Manyata Tech Park,via Outer Ring Road,20.1,63.3,Tin Factory,16.7,80,via Old Airport Rd & Suranjandas Rd,24.6,52.1,Kasturi Nagar,20.6,72.7,via Old Airport Rd & Suranjandas Rd,7.3,Tin Factory (via Outer Ring Road),Take via Old Airport Rd & Suranjandas Rd (7.3 mins faster). Avoid Tin Factory due to clearance backlog.
TRIP-101,Jayanagar,ITPL,via Silk Board & ORR,22,49.4,Silk Board Junction,11.9,61.3,via Domlur & HAL,23.4,58.4,Domlur Flyover,12.1,70.5,via Silk Board & ORR,9.2,Domlur Flyover (via Domlur & HAL),Take via Silk Board & ORR (9.2 mins faster). Heavy clearance delay at Domlur Flyover.
TRIP-102,Banashankari,Rajajinagar,via West of Chord Rd,15.1,35.2,Kanankapura Signal,17.3,52.5,via Mysore Road & Magadi Rd,16.1,33.8,Town Hall,11.1,44.9,via Mysore Road & Magadi Rd,7.6,Kanankapura Signal (via West of Chord Rd),Take via Mysore Road & Magadi Rd (7.6 mins faster). Avoid Kanankapura Signal due to clearance backlog.
TRIP-103,BTM Layout,Yelahanka,via Hebbal Expressway,21.1,61.1,Hebbal Flyover,17,78.1,via Outer Ring Road West,22.9,53.3,Goraguntepalya,14.9,68.2,via Outer Ring Road West,9.9,Hebbal Flyover (via Hebbal Expressway),Take via Outer Ring Road West (9.9 mins faster). Avoid Hebbal Flyover due to clearance backlog.
TRIP-104,Marathahalli,Kengeri,via Mysore Road Expressway,24.7,59.9,Nayandahalli,21.8,81.7,via NICE Road,28.9,76.8,NICE Junction,20,96.8,via Mysore Road Expressway,15.1,NICE Junction (via NICE Road),Take via Mysore Road Expressway (15.1 mins faster). Heavy clearance delay at NICE Junction.
TRIP-105,Koramangala,Whitefield,via Marathahalli ORR,12.4,33.9,Marathahalli Multiplex,20.5,54.4,via Varthur Road,14.4,32.9,HAL Airport Road,7.4,40.3,via Varthur Road,14.1,Marathahalli Multiplex (via Marathahalli ORR),Take via Varthur Road (14.1 mins faster). Avoid Marathahalli Multiplex due to clearance backlog.
TRIP-106,Indiranagar,Electronic City,via Hosur Road Flyover,13.7,34.5,Silk Board Junction,24,58.5,via Bannerghatta Road,15.3,31.7,Madiwala Market,10.5,42.2,via Bannerghatta Road,16.3,Silk Board Junction (via Hosur Road Flyover),Take via Bannerghatta Road (16.3 mins faster). Avoid Silk Board Junction due to clearance backlog.
TRIP-107,Hebbal,MG Road,via Bellary Road,20.9,49.3,Mekhri Circle,15.8,65.1,via JC Nagar Main Rd,24.1,55.5,Cantonment Station,4.2,59.7,via JC Nagar Main Rd,5.4,Mekhri Circle (via Bellary Road),Take via JC Nagar Main Rd (5.4 mins faster). Avoid Mekhri Circle due to clearance backlog.
TRIP-108,HSR Layout,Manyata Tech Park,via Outer Ring Road,23.3,65.2,Tin Factory,24,89.2,via Old Airport Rd & Suranjandas Rd,24.9,69.4,Kasturi Nagar,14.5,83.9,via Old Airport Rd & Suranjandas Rd,5.3,Tin Factory (via Outer Ring Road),Take via Old Airport Rd & Suranjandas Rd (5.3 mins faster). Avoid Tin Factory due to clearance backlog.
TRIP-109,Jayanagar,ITPL,via Silk Board & ORR,24,71,Silk Board Junction,16.9,87.9,via Domlur & HAL,26.3,63.8,Domlur Flyover,20.4,84.2,via Domlur & HAL,3.7,Silk Board Junction (via Silk Board & ORR),Take via Domlur & HAL (3.7 mins faster). Avoid Silk Board Junction due to clearance backlog.
TRIP-110,Banashankari,Rajajinagar,via West of Chord Rd,12.8,29.9,Kanankapura Signal,20.2,50.1,via Mysore Road & Magadi Rd,13.8,35.2,Town Hall,9,44.2,via Mysore Road & Magadi Rd,5.9,Kanankapura Signal (via West of Chord Rd),Take via Mysore Road & Magadi Rd (5.9 mins faster). Avoid Kanankapura Signal due to clearance backlog.
TRIP-111,BTM Layout,Yelahanka,via Hebbal Expressway,17.8,43.5,Hebbal Flyover,23.7,67.2,via Outer Ring Road West,20.6,45.6,Goraguntepalya,14.3,59.9,via Outer Ring Road West,7.3,Hebbal Flyover (via Hebbal Expressway),Take via Outer Ring Road West (7.3 mins faster). Avoid Hebbal Flyover due to clearance backlog.
TRIP-112,Marathahalli,Kengeri,via Mysore Road Expressway,16.2,40.9,Nayandahalli,16.7,57.6,via NICE Road,17.7,37.1,NICE Junction,22.3,59.4,via Mysore Road Expressway,1.8,NICE Junction (via NICE Road),Take via Mysore Road Expressway (1.8 mins faster). Heavy clearance delay at NICE Junction.
TRIP-113,Koramangala,Whitefield,via Marathahalli ORR,19.7,58.9,Marathahalli Multiplex,20.4,79.3,via Varthur Road,23.4,56.1,HAL Airport Road,20.4,76.5,via Varthur Road,2.8,Marathahalli Multiplex (via Marathahalli ORR),Take via Varthur Road (2.8 mins faster). Avoid Marathahalli Multiplex due to clearance backlog.
TRIP-114,Indiranagar,Electronic City,via Hosur Road Flyover,21.6,60.2,Silk Board Junction,19.7,79.9,via Bannerghatta Road,25.1,61.5,Madiwala Market,25.2,86.7,via Hosur Road Flyover,6.8,Madiwala Market (via Bannerghatta Road),Take via Hosur Road Flyover (6.8 mins faster). Heavy clearance delay at Madiwala Market.
TRIP-115,Hebbal,MG Road,via Bellary Road,16.7,46.3,Mekhri Circle,20.4,66.7,via JC Nagar Main Rd,19.7,45,Cantonment Station,10.5,55.5,via JC Nagar Main Rd,11.2,Mekhri Circle (via Bellary Road),Take via JC Nagar Main Rd (11.2 mins faster). Avoid Mekhri Circle due to clearance backlog.
TRIP-116,HSR Layout,Manyata Tech Park,via Outer Ring Road,15.1,35.5,Tin Factory,22.9,58.4,via Old Airport Rd & Suranjandas Rd,16.2,35.6,Kasturi Nagar,15.2,50.8,via Old Airport Rd & Suranjandas Rd,7.6,Tin Factory (via Outer Ring Road),Take via Old Airport Rd & Suranjandas Rd (7.6 mins faster). Avoid Tin Factory due to clearance backlog.
TRIP-117,Jayanagar,ITPL,via Silk Board & ORR,14.4,34.2,Silk Board Junction,20.7,54.9,via Domlur & HAL,15.9,43.2,Domlur Flyover,26.7,69.9,via Silk Board & ORR,15,Domlur Flyover (via Domlur & HAL),Take via Silk Board & ORR (15.0 mins faster). Heavy clearance delay at Domlur Flyover.
TRIP-118,Banashankari,Rajajinagar,via West of Chord Rd,17.3,40,Kanankapura Signal,12.2,52.2,via Mysore Road & Magadi Rd,21.6,50.1,Town Hall,22.9,73,via West of Chord Rd,20.8,Town Hall (via Mysore Road & Magadi Rd),Take via West of Chord Rd (20.8 mins faster). Heavy clearance delay at Town Hall.
TRIP-119,BTM Layout,Yelahanka,via Hebbal Expressway,12.1,32.6,Hebbal Flyover,16.1,48.7,via Outer Ring Road West,15.1,38.9,Goraguntepalya,19.8,58.7,via Hebbal Expressway,10,Goraguntepalya (via Outer Ring Road West),Take via Hebbal Expressway (10.0 mins faster). Heavy clearance delay at Goraguntepalya.
TRIP-120,Marathahalli,Kengeri,via Mysore Road Expressway,19,57.7,Nayandahalli,11.1,68.8,via NICE Road,21.8,47.2,NICE Junction,11.3,58.5,via NICE Road,10.3,Nayandahalli (via Mysore Road Expressway),Take via NICE Road (10.3 mins faster). Avoid Nayandahalli due to clearance backlog.
TRIP-121,Koramangala,Whitefield,via Marathahalli ORR,17.5,42.7,Marathahalli Multiplex,16.2,58.9,via Varthur Road,20.2,42.3,HAL Airport Road,19.7,62,via Marathahalli ORR,3.1,HAL Airport Road (via Varthur Road),Take via Marathahalli ORR (3.1 mins faster). Heavy clearance delay at HAL Airport Road.
TRIP-122,Indiranagar,Electronic City,via Hosur Road Flyover,15.8,37.2,Silk Board Junction,5.3,42.5,via Bannerghatta Road,18.4,43.9,Madiwala Market,13.7,57.6,via Hosur Road Flyover,15.1,Madiwala Market (via Bannerghatta Road),Take via Hosur Road Flyover (15.1 mins faster). Heavy clearance delay at Madiwala Market.
TRIP-123,Hebbal,MG Road,via Bellary Road,16.4,37.1,Mekhri Circle,22.3,59.4,via JC Nagar Main Rd,17.7,49.4,Cantonment Station,16.9,66.3,via Bellary Road,6.9,Cantonment Station (via JC Nagar Main Rd),Take via Bellary Road (6.9 mins faster). Heavy clearance delay at Cantonment Station.
TRIP-124,HSR Layout,Manyata Tech Park,via Outer Ring Road,13.1,28.9,Tin Factory,15.9,44.8,via Old Airport Rd & Suranjandas Rd,14.1,29.5,Kasturi Nagar,18.3,47.8,via Outer Ring Road,3,Kasturi Nagar (via Old Airport Rd & Suranjandas Rd),Take via Outer Ring Road (3.0 mins faster). Heavy clearance delay at Kasturi Nagar.
TRIP-125,Jayanagar,ITPL,via Silk Board & ORR,17.4,54.5,Silk Board Junction,21.8,76.3,via Domlur & HAL,19.5,52,Domlur Flyover,15.7,67.7,via Domlur & HAL,8.6,Silk Board Junction (via Silk Board & ORR),Take via Domlur & HAL (8.6 mins faster). Avoid Silk Board Junction due to clearance backlog.
TRIP-126,Banashankari,Rajajinagar,via West of Chord Rd,21.5,51.2,Kanankapura Signal,4.4,55.6,via Mysore Road & Magadi Rd,26.6,54.6,Town Hall,16.8,71.4,via West of Chord Rd,15.8,Town Hall (via Mysore Road & Magadi Rd),Take via West of Chord Rd (15.8 mins faster). Heavy clearance delay at Town Hall.
TRIP-127,BTM Layout,Yelahanka,via Hebbal Expressway,19.5,45.6,Hebbal Flyover,27.6,73.2,via Outer Ring Road West,23.8,62.7,Goraguntepalya,13.9,76.6,via Hebbal Expressway,3.4,Goraguntepalya (via Outer Ring Road West),Take via Hebbal Expressway (3.4 mins faster). Heavy clearance delay at Goraguntepalya.
TRIP-128,Marathahalli,Kengeri,via Mysore Road Expressway,14.1,42.5,Nayandahalli,16.1,58.6,via NICE Road,15.3,38.7,NICE Junction,25.3,64,via Mysore Road Expressway,5.4,NICE Junction (via NICE Road),Take via Mysore Road Expressway (5.4 mins faster). Heavy clearance delay at NICE Junction.
TRIP-129,Koramangala,Whitefield,via Marathahalli ORR,16.1,46.4,Marathahalli Multiplex,14.9,61.3,via Varthur Road,18.8,44.4,HAL Airport Road,27.6,72,via Marathahalli ORR,10.7,HAL Airport Road (via Varthur Road),Take via Marathahalli ORR (10.7 mins faster). Heavy clearance delay at HAL Airport Road.
TRIP-130,Indiranagar,Electronic City,via Hosur Road Flyover,23.7,64.9,Silk Board Junction,16.7,81.6,via Bannerghatta Road,27.8,65.4,Madiwala Market,17.9,83.3,via Hosur Road Flyover,1.7,Madiwala Market (via Bannerghatta Road),Take via Hosur Road Flyover (1.7 mins faster). Heavy clearance delay at Madiwala Market.
TRIP-131,Hebbal,MG Road,via Bellary Road,23.8,55.1,Mekhri Circle,19.9,75,via JC Nagar Main Rd,28,77.1,Cantonment Station,19.7,96.8,via Bellary Road,21.8,Cantonment Station (via JC Nagar Main Rd),Take via Bellary Road (21.8 mins faster). Heavy clearance delay at Cantonment Station.
TRIP-132,HSR Layout,Manyata Tech Park,via Outer Ring Road,13.8,38.9,Tin Factory,18.3,57.2,via Old Airport Rd & Suranjandas Rd,16.7,40.5,Kasturi Nagar,23.7,64.2,via Outer Ring Road,7,Kasturi Nagar (via Old Airport Rd & Suranjandas Rd),Take via Outer Ring Road (7.0 mins faster). Heavy clearance delay at Kasturi Nagar.
TRIP-133,Jayanagar,ITPL,via Silk Board & ORR,21.2,49.7,Silk Board Junction,12.8,62.5,via Domlur & HAL,25.6,55.4,Domlur Flyover,19.2,74.6,via Silk Board & ORR,12.1,Domlur Flyover (via Domlur & HAL),Take via Silk Board & ORR (12.1 mins faster). Heavy clearance delay at Domlur Flyover.
TRIP-134,Banashankari,Rajajinagar,via West of Chord Rd,18.4,42.4,Kanankapura Signal,24,66.4,via Mysore Road & Magadi Rd,22.1,53.7,Town Hall,20.4,74.1,via West of Chord Rd,7.7,Town Hall (via Mysore Road & Magadi Rd),Take via West of Chord Rd (7.7 mins faster). Heavy clearance delay at Town Hall.
TRIP-135,BTM Layout,Yelahanka,via Hebbal Expressway,13.7,41.1,Hebbal Flyover,24,65.1,via Outer Ring Road West,15.5,32.9,Goraguntepalya,11.3,44.2,via Outer Ring Road West,20.9,Hebbal Flyover (via Hebbal Expressway),Take via Outer Ring Road West (20.9 mins faster). Avoid Hebbal Flyover due to clearance backlog.
TRIP-136,Marathahalli,Kengeri,via Mysore Road Expressway,21.4,60.8,Nayandahalli,5.7,66.5,via NICE Road,25.6,65.4,NICE Junction,4.2,69.6,via Mysore Road Expressway,3.1,NICE Junction (via NICE Road),Take via Mysore Road Expressway (3.1 mins faster). Heavy clearance delay at NICE Junction.
TRIP-137,Koramangala,Whitefield,via Marathahalli ORR,15.3,36.4,Marathahalli Multiplex,18.3,54.7,via Varthur Road,17.1,46.6,HAL Airport Road,13.7,60.3,via Marathahalli ORR,5.6,HAL Airport Road (via Varthur Road),Take via Marathahalli ORR (5.6 mins faster). Heavy clearance delay at HAL Airport Road.
TRIP-138,Indiranagar,Electronic City,via Hosur Road Flyover,17.2,54.1,Silk Board Junction,10.1,64.2,via Bannerghatta Road,19.6,41.6,Madiwala Market,14.9,56.5,via Bannerghatta Road,7.7,Silk Board Junction (via Hosur Road Flyover),Take via Bannerghatta Road (7.7 mins faster). Avoid Silk Board Junction due to clearance backlog.
TRIP-139,Hebbal,MG Road,via Bellary Road,18.6,41.3,Mekhri Circle,17.2,58.5,via JC Nagar Main Rd,21.8,58.8,Cantonment Station,11.3,70.1,via Bellary Road,11.6,Cantonment Station (via JC Nagar Main Rd),Take via Bellary Road (11.6 mins faster). Heavy clearance delay at Cantonment Station.
TRIP-140,HSR Layout,Manyata Tech Park,via Outer Ring Road,22.3,63.6,Tin Factory,26.7,90.3,via Old Airport Rd & Suranjandas Rd,23.5,61.5,Kasturi Nagar,16.6,78.1,via Old Airport Rd & Suranjandas Rd,12.2,Tin Factory (via Outer Ring Road),Take via Old Airport Rd & Suranjandas Rd (12.2 mins faster). Avoid Tin Factory due to clearance backlog.
TRIP-141,Jayanagar,ITPL,via Silk Board & ORR,12.9,29.7,Silk Board Junction,25.4,55.1,via Domlur & HAL,13.7,36.6,Domlur Flyover,22.1,58.7,via Silk Board & ORR,3.6,Domlur Flyover (via Domlur & HAL),Take via Silk Board & ORR (3.6 mins faster). Heavy clearance delay at Domlur Flyover.
TRIP-142,Banashankari,Rajajinagar,via West of Chord Rd,13.5,41,Kanankapura Signal,15.5,56.5,via Mysore Road & Magadi Rd,16.8,35.3,Town Hall,22.1,57.4,via West of Chord Rd,0.9,Town Hall (via Mysore Road & Magadi Rd),Take via West of Chord Rd (0.9 mins faster). Heavy clearance delay at Town Hall.
TRIP-143,BTM Layout,Yelahanka,via Hebbal Expressway,23.3,65,Hebbal Flyover,17.9,82.9,via Outer Ring Road West,26.9,62.4,Goraguntepalya,20.7,83.1,via Hebbal Expressway,0.2,Goraguntepalya (via Outer Ring Road West),Take via Hebbal Expressway (0.2 mins faster). Heavy clearance delay at Goraguntepalya.
TRIP-144,Marathahalli,Kengeri,via Mysore Road Expressway,14.7,41.2,Nayandahalli,13.1,54.3,via NICE Road,17.8,37.2,NICE Junction,16.2,53.4,via NICE Road,0.9,Nayandahalli (via Mysore Road Expressway),Take via NICE Road (0.9 mins faster). Avoid Nayandahalli due to clearance backlog.
TRIP-145,Koramangala,Whitefield,via Marathahalli ORR,24,61.1,Marathahalli Multiplex,19.1,80.2,via Varthur Road,26.9,69.7,HAL Airport Road,13.9,83.6,via Marathahalli ORR,3.4,HAL Airport Road (via Varthur Road),Take via Marathahalli ORR (3.4 mins faster). Heavy clearance delay at HAL Airport Road.
TRIP-146,Indiranagar,Electronic City,via Hosur Road Flyover,14.9,34.9,Silk Board Junction,13.7,48.6,via Bannerghatta Road,17,36.4,Madiwala Market,13,49.4,via Hosur Road Flyover,0.8,Madiwala Market (via Bannerghatta Road),Take via Hosur Road Flyover (0.8 mins faster). Heavy clearance delay at Madiwala Market.
TRIP-147,Hebbal,MG Road,via Bellary Road,19.5,43.2,Mekhri Circle,15.8,59,via JC Nagar Main Rd,22.9,58,Cantonment Station,14.5,72.5,via Bellary Road,13.5,Cantonment Station (via JC Nagar Main Rd),Take via Bellary Road (13.5 mins faster). Heavy clearance delay at Cantonment Station.
TRIP-148,HSR Layout,Manyata Tech Park,via Outer Ring Road,18,55.1,Tin Factory,14.9,70,via Old Airport Rd & Suranjandas Rd,20.9,50.7,Kasturi Nagar,7.7,58.4,via Old Airport Rd & Suranjandas Rd,11.6,Tin Factory (via Outer Ring Road),Take via Old Airport Rd & Suranjandas Rd (11.6 mins faster). Avoid Tin Factory due to clearance backlog.
TRIP-149,Jayanagar,ITPL,via Silk Board & ORR,15.9,41.3,Silk Board Junction,16.1,57.4,via Domlur & HAL,17.7,41.4,Domlur Flyover,12.8,54.2,via Domlur & HAL,3.2,Silk Board Junction (via Silk Board & ORR),Take via Domlur & HAL (3.2 mins faster). Avoid Silk Board Junction due to clearance backlog.
TRIP-150,Banashankari,Rajajinagar,via West of Chord Rd,18.1,46.7,Kanankapura Signal,27.9,74.6,via Mysore Road & Magadi Rd,21.3,56.9,Town Hall,9,65.9,via Mysore Road & Magadi Rd,8.7,Kanankapura Signal (via West of Chord Rd),Take via Mysore Road & Magadi Rd (8.7 mins faster). Avoid Kanankapura Signal due to clearance backlog.
